{"stat.chestOpened":13,"stat.pickup.minecraft.bone":1,"stat.leaveGame":5,"stat.drop.minecraft.gunpowder":2,"stat.jump":463,"stat.swimOneCm":546,"stat.fallOneCm":9398,"stat.climbOneCm":11370,"stat.useItem.minecraft.planks":1,"stat.pickup.minecraft.iron_ingot":1,"stat.pickup.minecraft.gunpowder":2,"stat.crouchOneCm":538,"stat.useItem.minecraft.stone_slab2":3,"stat.craftingTableInteraction":2,"stat.damageTaken":575,"stat.pickup.minecraft.leather":4,"stat.killEntity.techguns.ZombieMiner":3,"stat.pickup.minecraft.planks":2,"stat.pickup.minecraft.iron_leggings":1,"stat.flyOneCm":114890,"stat.pickup.minecraft.wheat_seeds":48,"stat.pickup.minecraft.potato":5,"stat.pickup.techguns.t1_miner_chestplate":1,"stat.killEntity.techguns.ZombieFarmer":3,"stat.damageDealt":815,"stat.sleepInBed":1,"stat.timeSinceDeath":28157,"stat.craftItem.minecraft.wooden_pickaxe":1,"stat.pickup.techguns.itemshared":6,"stat.walkOneCm":75366,"stat.useItem.minecraft.bread":12,"stat.useItem.minecraft.potato":2,"stat.pickup.minecraft.crafting_table":2,"stat.pickup.techguns.t1_miner_boots":1,"stat.furnaceInteraction":1,"stat.craftItem.minecraft.crafting_table":1,"stat.pickup.minecraft.log":8,"stat.sprintOneCm":71074,"stat.pickup.minecraft.iron_chestplate":1,"stat.pickup.minecraft.apple":6,"stat.craftItem.minecraft.stick":12,"stat.useItem.minecraft.iron_sword":15,"stat.craftItem.minecraft.planks":32,"stat.useItem.minecraft.wheat_seeds":28,"stat.pickup.techguns.t1_miner_leggings":1,"stat.mineBlock.minecraft.crafting_table":2,"stat.pickup.minecraft.bread":1,"stat.useItem.minecraft.wheat":5,"stat.mobKills":7,"stat.mineBlock.minecraft.log":8,"stat.mineBlock.minecraft.planks":2,"stat.drop":1,"stat.mineBlock.minecraft.leaves":1,"stat.playOneMinute":28157,"stat.sneakTime":163,"stat.pickup.zawa.care_guide":1,"stat.diveOneCm":2350,"stat.pickup.minecraft.wheat":26}