{"stat.useItem.minecraft.bow":33,"stat.leaveGame":6,"stat.killEntity.betteranimalsplus.goat":3,"stat.pickup.spartanweaponry.pike_iron":6,"stat.mineBlock.minecraft.stained_glass":1,"stat.pickup.zawa.worm":7,"stat.craftItem.minecraft.shield":2,"stat.mineBlock.minecraft.web":1,"stat.pickup.minecraft.rotten_flesh":43,"stat.mineBlock.zawa.jinns_tongue":1,"stat.craftItem.minecraft.stone_axe":2,"stat.killEntity.Enderman":4,"stat.entityKilledBy.techguns.ZombieSoldier":3,"stat.pickup.biomesoplenty.mushroom":1,"stat.craftItem.minecraft.iron_shovel":1,"stat.drop.minecraft.sand":1,"stat.craftItem.nocubessrparmory.pestilentarmorlegs":1,"stat.useItem.minecraft.iron_pickaxe":327,"stat.pickup.minecraft.stained_hardened_clay":2,"stat.killEntity.myrmex_worker":1,"stat.craftItem.minecraft.wooden_pickaxe":3,"stat.useItem.minecraft.iron_shovel":50,"stat.pickup.minecraft.double_plant":1,"stat.drop.minecraft.diamond_chestplate":1,"stat.mineBlock.minecraft.vine":11,"stat.mineBlock.chisel.marble2":6,"stat.pickup.techguns.basicore":3,"stat.furnaceInteraction":161,"stat.drop.minecraft.gravel":4,"stat.drop.techguns.t1_scout_helmet":1,"stat.craftItem.spartanweaponry.material":1,"stat.killEntity.ZombieVillager":1,"stat.pickup.minecraft.nether_brick":15,"stat.pickup.minecraft.beef":4,"stat.pickup.zawa.large_meat_raw":11,"stat.useItem.minecraft.trapdoor":2,"stat.mineBlock.minecraft.stained_hardened_clay":2,"stat.pickup.biomesoplenty.flower_0":4,"stat.mineBlock.harvestcraft.tropicalgarden":1,"stat.pickup.minecraft.potion":1,"stat.mineBlock.minecraft.fence":2,"stat.useItem.minecraft.wheat_seeds":128,"stat.useItem.minecraft.dye":31,"stat.useItem.natura.edibles":2,"stat.deaths":8,"stat.pickup.techguns.t1_miner_helmet":2,"stat.useItem.minecraft.nether_brick":5,"stat.craftItem.minecraft.iron_pickaxe":3,"stat.pickup.zawa.care_guide":2,"stat.drop.minecraft.glass_bottle":1,"stat.pickup.chisel.marble2":2,"stat.mineBlock.minecraft.tallgrass":73,"stat.craftItem.minecraft.cooked_mutton":2,"stat.pickup.minecraft.cooked_mutton":2,"stat.pickup.dynamictrees.jungleseed":2,"stat.chestOpened":133,"stat.drop.srparasites.lurecomponent1":4,"stat.useItem.minecraft.stone":3,"stat.pickup.minecraft.arrow":17,"stat.mineBlock.nocubessrpnests.neststonedark":2,"stat.pickup.minecraft.gold_nugget":13,"stat.drop.minecraft.iron_pickaxe":2,"stat.pickup.iceandfire.myrmex_jungle_chitin":3,"stat.drop.spartanweaponry.pike_iron":1,"stat.pickup.chisel.basalt2":2,"stat.pickup.minecraft.carrot":13,"stat.crouchOneCm":58387,"stat.craftItem.minecraft.iron_ingot":46,"stat.craftingTableInteraction":77,"stat.pickup.natura.edibles":2,"stat.pickup.minecraft.wooden_pickaxe":1,"stat.mineBlock.biomesoplenty.plant_1":1,"stat.mineBlock.biomesoplenty.plant_0":30,"stat.pickup.minecraft.dye":28,"stat.pickup.minecraft.planks":65,"stat.pickup.biomesoplenty.plant_1":8,"stat.pickup.chisel.limestone2":3,"stat.pickup.minecraft.wheat_seeds":281,"stat.pickup.techguns.t1_miner_chestplate":1,"stat.useItem.harvestcraft.rutabagaitem":1,"stat.mineBlock.minecraft.dirt":43,"stat.craftItem.nocubessrparmory.pestilentarmorboots":1,"stat.useItem.minecraft.bread":67,"stat.drop.minecraft.rotten_flesh":8,"stat.useItem.minecraft.cobblestone":312,"stat.mineBlock.minecraft.double_plant":4,"stat.drop.srparasites.parasitecanister":1,"stat.pickup.harvestcraft.peasitem":2,"stat.pickup.minecraft.iron_pickaxe":3,"stat.drop.minecraft.gold_nugget":13,"stat.pickup.minecraft.apple":20,"stat.pickup.dynamictreesnatura.amaranthseed":4,"stat.craftItem.minecraft.bucket":2,"stat.craftItem.minecraft.planks":488,"stat.drop.biomesoplenty.flower_0":1,"stat.useItem.minecraft.stonebrick":23,"stat.pickup.minecraft.book":97,"stat.mineBlock.minecraft.log":51,"stat.pickup.minecraft.wool":3,"stat.craftItem.nocubessrparmory.pestilentarmorbody":1,"stat.craftItem.nocubessrparmory.pestilentarmorhelmet":1,"stat.craftItem.minecraft.jungle_boat":3,"stat.useItem.minecraft.iron_axe":229,"stat.mineBlock.minecraft.cobblestone":29,"stat.pickup.minecraft.stone_pickaxe":1,"stat.mineBlock.srparasites.gore":36,"stat.drop.minecraft.cobblestone":19,"stat.pickup.minecraft.cooked_porkchop":12,"stat.killEntity.techguns.ZombieSoldier":14,"stat.mineBlock.minecraft.dropper":1,"stat.useItem.minecraft.stone_slab2":65,"stat.pickup.minecraft.iron_boots":2,"stat.craftItem.minecraft.furnace":6,"stat.pickup.harvestcraft.bambooshootitem":2,"stat.pickup.minecraft.pumpkin_pie":3,"stat.craftItem.minecraft.cooked_beef":4,"stat.mineBlock.minecraft.obsidian":1,"stat.mineBlock.minecraft.clay":20,"stat.pickup.minecraft.diamond_leggings":3,"stat.flyOneCm":1179427,"stat.drop.harvestcraft.peasitem":1,"stat.timeSinceDeath":0,"stat.pickup.travelersbackpack.travelers_backpack":2,"stat.useItem.minecraft.potato":11,"stat.mineBlock.minecraft.coal_ore":99,"stat.killEntity.Creeper":5,"stat.talkedToVillager":3,"stat.craftItem.minecraft.stone_hoe":2,"stat.pickup.minecraft.string":30,"stat.mineBlock.minecraft.ladder":1,"stat.pickup.techguns.t1_scout_helmet":1,"stat.sprintOneCm":1277427,"stat.mineBlock.biomesoplenty.flower_0":4,"stat.mineBlock.minecraft.stone_slab":7,"stat.craftItem.minecraft.wooden_axe":1,"stat.pickup.minecraft.bone_block":3,"stat.mineBlock.minecraft.diamond_ore":5,"stat.mineBlock.biomesoplenty.mushroom":1,"stat.pickup.nocubessrpnests.organicsample":6,"stat.drop.techguns.t1_combat_boots":3,"stat.craftItem.futuremc.jungle_trapdoor":2,"stat.craftItem.minecraft.emerald":45,"stat.killEntity.Zombie":50,"stat.craftItem.minecraft.dye":33,"stat.mineBlock.minecraft.gold_ore":14,"stat.entityKilledBy.myrmex_royal":1,"stat.diveOneCm":153992,"stat.pickup.minecraft.wheat":172,"stat.mineBlock.minecraft.mossy_cobblestone":1,"stat.killEntity.techguns.PsychoSteve":1,"stat.drop.nocubessrpnests.organicsample":6,"stat.craftItem.minecraft.cooked_porkchop":28,"stat.pickup.minecraft.stone_axe":2,"stat.pickup.minecraft.obsidian":6,"stat.useItem.minecraft.rotten_flesh":3,"stat.jump":5991,"stat.useItem.minecraft.sand":8,"stat.pickup.minecraft.coal":149,"stat.pickup.minecraft.iron_ingot":16,"stat.pickup.minecraft.gunpowder":35,"stat.craftItem.minecraft.torch":32,"stat.pickup.minecraft.dirt":50,"stat.drop.techguns.t1_miner_leggings":8,"stat.pickup.minecraft.gold_ore":16,"stat.mineBlock.minecraft.lapis_ore":5,"stat.pickup.minecraft.iron_axe":1,"stat.mineBlock.minecraft.glass_pane":3,"stat.damageTaken":9607,"stat.mineBlock.minecraft.melon_block":17,"stat.mineBlock.minecraft.torch":37,"stat.pickup.srparasites.assimilated_flesh":31,"stat.pickup.minecraft.ender_eye":2,"stat.pickup.minecraft.potato":34,"stat.pickup.spartanweaponry.saber_iron":6,"stat.craftItem.minecraft.stone_slab":126,"stat.drop.techguns.itemshared":10,"stat.pickup.techguns.itemshared":54,"stat.useItem.minecraft.chest":1,"stat.drop.minecraft.wheat":6,"stat.useItem.minecraft.lava_bucket":74,"stat.pickup.techguns.thompson":1,"stat.useItem.minecraft.melon":70,"stat.craftItem.nocubessrparmory.gorepart":2,"stat.craftItem.minecraft.iron_chestplate":1,"stat.useItem.zawa.large_meat_cooked":14,"stat.pickup.minecraft.ender_pearl":3,"stat.pickup.minecraft.cooked_beef":16,"stat.pickup.minecraft.ladder":1,"stat.craftItem.minecraft.bookshelf":17,"stat.mineBlock.minecraft.stonebrick":68,"stat.mineBlock.minecraft.glowstone":2,"stat.mobKills":289,"stat.mineBlock.minecraft.bookshelf":30,"stat.useItem.minecraft.boat":1,"stat.pickup.minecraft.diamond":12,"stat.pickup.minecraft.torch":50,"stat.drop.minecraft.waterlily":4,"stat.useItem.minecraft.bookshelf":14,"stat.craftItem.minecraft.iron_axe":1,"stat.pickup.srparasites.parasitecanister":1,"stat.useItem.minecraft.planks":65,"stat.pickup.minecraft.porkchop":28,"stat.pickup.nocubessrpnests.neststonedark":10,"stat.drop.minecraft.melon":16,"stat.useItem.minecraft.water_bucket":5,"stat.drop.travelersbackpack.travelers_backpack":1,"stat.pickup.srparasites.ada_longarms_drop":2,"stat.mineBlock.minecraft.stone_brick_stairs":3,"stat.pickup.minecraft.sand":22,"stat.mineBlock.nocubessrpnests.nestegg":4,"stat.pickup.minecraft.wooden_hoe":1,"stat.mineBlock.minecraft.sand":21,"stat.killEntity.techguns.ZombieFarmer":35,"stat.craftItem.minecraft.cooked_fish":18,"stat.drop.minecraft.diamond":2,"stat.pickup.srparasites.lurecomponent3":1,"stat.pickup.srparasites.lurecomponent1":47,"stat.pickup.minecraft.wooden_button":12,"stat.drop.minecraft.stone_slab":1,"stat.pickup.minecraft.furnace":2,"stat.useItem.minecraft.cooked_mutton":4,"stat.drop.minecraft.stained_hardened_clay":2,"stat.pickup.minecraft.iron_chestplate":3,"stat.pickup.minecraft.skull":1,"stat.useItem.spartanweaponry.saber_iron":182,"stat.useItem.spartanweaponry.pike_iron":186,"stat.playOneMinute":335496,"stat.pickup.techguns.handcannon":1,"stat.pickup.natura.overworld_seeds":6,"stat.pickup.minecraft.iron_bars":5,"stat.useItem.futuremc.jungle_trapdoor":1,"stat.pickup.minecraft.waterlily":6,"stat.pickup.minecraft.cooked_chicken":9,"stat.fallOneCm":107290,"stat.drop.minecraft.stone":26,"stat.drop.minecraft.dye":1,"stat.craftItem.minecraft.chest":2,"stat.pickup.minecraft.melon":93,"stat.pickup.techguns.revolver":1,"stat.craftItem.minecraft.wooden_button":4,"stat.killEntity.techguns.ZombieMiner":30,"stat.useItem.minecraft.furnace":4,"stat.pickup.minecraft.iron_leggings":2,"stat.mineBlock.minecraft.gravel":13,"stat.useItem.minecraft.stone_pickaxe":359,"stat.craftItem.minecraft.iron_leggings":1,"stat.pickup.zawa.large_meat_cooked":3,"stat.drop.minecraft.stick":16,"stat.useItem.minecraft.torch":76,"stat.pickup.minecraft.crafting_table":3,"stat.mineBlock.techguns.basicore":2,"stat.craftItem.minecraft.crafting_table":20,"stat.craftItem.minecraft.boat":1,"stat.pickup.minecraft.log":173,"stat.useItem.minecraft.cooked_fish":18,"stat.drop.minecraft.stonebrick":3,"stat.craftItem.zawa.large_meat_cooked":11,"stat.craftItem.spartanweaponry.saber_iron":1,"stat.pickup.minecraft.sapling":2,"stat.mineBlock.iceandfire.goldpile":1,"stat.pickup.harvestcraft.rutabagaitem":1,"stat.useItem.minecraft.stone_hoe":10,"stat.sneakTime":17432,"stat.useItem.minecraft.baked_potato":13,"stat.pickup.minecraft.stone_slab":4,"stat.useItem.spartanweaponry.warhammer_iron":155,"stat.drop.minecraft.wooden_axe":1,"stat.craftItem.minecraft.enchanting_table":1,"stat.drop.minecraft.stone_pickaxe":1,"stat.pickup.minecraft.bone":18,"stat.drop.techguns.t1_miner_helmet":2,"stat.useItem.minecraft.diamond_sword":208,"stat.swimOneCm":96298,"stat.climbOneCm":23762,"stat.useItem.minecraft.dirt":20,"stat.pickup.spartanweaponry.warhammer_iron":2,"stat.useItem.minecraft.jungle_boat":3,"stat.craftItem.minecraft.trapdoor":4,"stat.craftItem.minecraft.stone_pickaxe":5,"stat.pickup.minecraft.cobblestone":510,"stat.mineBlock.biomesoplenty.double_plant":3,"stat.drop.minecraft.fence":1,"stat.mineBlock.chisel.limestone2":8,"stat.pickup.minecraft.glass_bottle":4,"stat.useItem.chisel.limestone2":2,"stat.drop.minecraft.wheat_seeds":118,"stat.useItem.minecraft.cooked_beef":6,"stat.pickup.minecraft.redstone":28,"stat.mineBlock.minecraft.iron_ore":87,"stat.pickup.minecraft.mutton":15,"stat.killEntity.techguns.SkeletonSoldier":12,"stat.pickup.minecraft.stonebrick":41,"stat.drop.minecraft.dirt":4,"stat.useItem.minecraft.cooked_porkchop":40,"stat.pickup.minecraft.trapdoor":1,"stat.mineBlock.minecraft.nether_brick":15,"stat.drop.nocubessrpnests.neststonedark":2,"stat.craftItem.minecraft.stone_slab2":0,"stat.pickup.minecraft.nether_star":1,"stat.craftItem.minecraft.stick":60,"stat.pickup.futuremc.bamboo":5,"stat.useItem.minecraft.stone_slab":128,"stat.pickup.techguns.t1_miner_leggings":15,"stat.mineBlock.minecraft.crafting_table":2,"stat.useItem.minecraft.diamond_pickaxe":520,"stat.useItem.minecraft.carrot":13,"stat.useItem.minecraft.wheat":111,"stat.pickup.minecraft.diamond_chestplate":3,"stat.craftItem.natura.materials":55,"stat.mineBlock.minecraft.planks":14,"stat.drop":108,"stat.killEntity.cyclops":1,"stat.killEntity.Sheep":1,"stat.craftItem.minecraft.diamond_pickaxe":1,"stat.craftItem.minecraft.clay":13,"stat.pickup.minecraft.gravel":8,"stat.useItem.minecraft.apple":13,"stat.useItem.minecraft.potion":1,"stat.pickup.minecraft.stone_brick_stairs":1,"stat.pickup.minecraft.diamond_sword":2,"stat.pickup.minecraft.fence":1,"stat.pickup.minecraft.iron_helmet":1,"stat.useItem.minecraft.stone_axe":21,"stat.craftItem.minecraft.bread":40,"stat.pickup.minecraft.spider_eye":9,"stat.mineBlock.harvestcraft.frostgarden":1,"stat.pickup.minecraft.iron_ore":84,"stat.boatOneCm":336367,"stat.drop.spartanweaponry.saber_iron":1,"stat.mineBlock.minecraft.iron_bars":2,"stat.pickup.minecraft.leather":35,"stat.mineBlock.minecraft.furnace":2,"stat.useItem.minecraft.wooden_pickaxe":13,"stat.pickup.minecraft.reeds":3,"stat.killEntity.CaveSpider":5,"stat.pickup.minecraft.emerald_block":5,"stat.damageDealt":47077,"stat.craftItem.minecraft.baked_potato":20,"stat.mineBlock.minecraft.nether_brick_stairs":1,"stat.walkOneCm":737107,"stat.pickup.minecraft.stick":26,"stat.pickup.techguns.t1_miner_boots":4,"stat.pickup.minecraft.clay_ball":76,"stat.mineBlock.zawa.karvy_bottom":1,"stat.mineBlock.chisel.basalt2":2,"stat.drop.techguns.thompson":1,"stat.pickup.techguns.t1_combat_boots":4,"stat.pickup.minecraft.stone":104,"stat.drop.minecraft.diamond_leggings":2,"stat.pickup.minecraft.gold_ingot":1,"stat.killEntity.Skeleton":21,"stat.drop.minecraft.crafting_table":1,"stat.killEntity.Spider":20,"stat.pickup.zawa.karvy":1,"stat.pickup.minecraft.bread":21,"stat.craftItem.nocubessrparmory.pestilentpart":36,"stat.mineBlock.minecraft.leaves":16,"stat.mineBlock.srparasites.parasitecanister":1,"stat.mineBlock.minecraft.redstone_ore":6,"stat.drop.dynamictreesnatura.amaranthseed":4,"stat.mineBlock.minecraft.stone":811}