{"stat.useItem.minecraft.bow":46,"stat.drop.minecraft.waterlily":2,"stat.leaveGame":6,"stat.entityKilledBy.techguns.ZombieMiner":1,"stat.craftItem.minecraft.iron_axe":1,"stat.pickup.spartanweaponry.pike_iron":1,"stat.pickup.tconstruct.edible":5,"stat.pickup.zawa.worm":5,"stat.craftItem.minecraft.shield":1,"stat.useItem.minecraft.planks":2,"stat.mineBlock.minecraft.web":8,"stat.pickup.minecraft.porkchop":24,"stat.pickup.nocubessrpnests.neststonedark":9,"stat.drop.travelersbackpack.travelers_backpack":1,"stat.mineBlock.minecraft.stone_brick_stairs":7,"stat.pickup.minecraft.rotten_flesh":13,"stat.pickup.minecraft.sand":216,"stat.craftItem.minecraft.golden_apple":3,"stat.mineBlock.nocubessrpnests.nestegg":13,"stat.killEntity.Enderman":1,"stat.pickup.minecraft.leather_boots":1,"stat.entityKilledBy.techguns.ZombieSoldier":2,"stat.pickup.nocubessrpnests.neststonespikes":2,"stat.craftItem.minecraft.iron_shovel":1,"stat.mineBlock.minecraft.sand":189,"stat.drop.minecraft.sand":3,"stat.killEntity.techguns.ZombieFarmer":29,"stat.killEntity.Villager":2,"stat.craftItem.spartanshields.shield_basic_wood":1,"stat.hopperInspected":1,"stat.craftItem.nocubessrparmory.pestilentarmorlegs":1,"stat.useItem.minecraft.iron_pickaxe":2098,"stat.craftItem.minecraft.wooden_pickaxe":2,"stat.useItem.minecraft.iron_shovel":233,"stat.drop.minecraft.wooden_shovel":1,"stat.trappedChestTriggered":1,"stat.mineBlock.minecraft.vine":7,"stat.mineBlock.chisel.marble2":5,"stat.pickup.techguns.basicore":15,"stat.mineBlock.minecraft.sticky_piston":1,"stat.furnaceInteraction":243,"stat.craftItem.spartanweaponry.material":5,"stat.killEntity.ZombieVillager":1,"stat.pickup.srparasites.lurecomponent2":2,"stat.pickup.srparasites.lurecomponent1":33,"stat.pickup.minecraft.beef":4,"stat.pickup.minecraft.furnace":7,"stat.pickup.zawa.large_meat_raw":5,"stat.useItem.minecraft.cooked_mutton":20,"stat.craftItem.travelersbackpack.travelers_backpack":1,"stat.pickup.minecraft.leather_helmet":3,"stat.pickup.biomesoplenty.flower_0":1,"stat.pickup.minecraft.iron_chestplate":4,"stat.pickup.minecraft.skull":1,"stat.mineBlock.nocubessrpnests.neststonedarkwall":1,"stat.pickup.minecraft.potion":1,"stat.pickup.nocubessrpnests.neststonelight":1,"stat.mineBlock.minecraft.fence":8,"stat.useItem.minecraft.pumpkin_pie":37,"stat.mineBlock.minecraft.oak_stairs":1,"stat.deaths":10,"stat.playOneMinute":309309,"stat.craftItem.minecraft.wooden_shovel":1,"stat.pickup.techguns.handcannon":2,"stat.pickup.techguns.t1_miner_helmet":3,"stat.craftItem.minecraft.iron_pickaxe":3,"stat.drop.techguns.handcannon":1,"stat.pickup.natura.overworld_seeds":5,"stat.pickup.zawa.care_guide":1,"stat.pickup.zawa.cetacean_meat_raw":2,"stat.pickup.minecraft.iron_bars":16,"stat.drop.minecraft.torch":1,"stat.pickup.chisel.marble2":5,"stat.mineBlock.minecraft.tallgrass":15,"stat.craftItem.minecraft.cooked_mutton":28,"stat.pickup.dynamictrees.jungleseed":2,"stat.chestOpened":159,"stat.drop.zawa.amazon_sword":1,"stat.useItem.minecraft.stone":12,"stat.pickup.minecraft.waterlily":5,"stat.pickup.minecraft.arrow":16,"stat.mineBlock.nocubessrpnests.neststonedark":10,"stat.pickup.minecraft.gold_nugget":192,"stat.pickup.biomesoplenty.gem_ore":3,"stat.pickup.minecraft.cooked_chicken":5,"stat.fallOneCm":48594,"stat.pickup.chisel.basalt2":2,"stat.pickup.minecraft.carrot":6,"stat.crouchOneCm":113846,"stat.mineBlock.minecraft.chest":3,"stat.craftItem.minecraft.iron_ingot":70,"stat.craftItem.minecraft.chest":2,"stat.useItem.zawa.cetacean_meat_cooked":1,"stat.pickup.minecraft.melon":26,"stat.craftingTableInteraction":123,"stat.pickup.techguns.revolver":2,"stat.craftItem.spartanweaponry.pike_iron":2,"stat.useItem.biomesoplenty.gem_ore":2,"stat.killEntity.techguns.Bandit":2,"stat.killEntity.techguns.ZombieMiner":46,"stat.useItem.minecraft.furnace":5,"stat.mineBlock.biomesoplenty.plant_0":4,"stat.pickup.minecraft.dye":108,"stat.pickup.minecraft.planks":36,"stat.pickup.minecraft.iron_leggings":2,"stat.pickup.chisel.limestone2":4,"stat.pickup.minecraft.wheat_seeds":78,"stat.pickup.techguns.t1_miner_chestplate":1,"stat.mineBlock.biomesoplenty.gem_ore":7,"stat.mineBlock.minecraft.gravel":35,"stat.useItem.minecraft.stone_pickaxe":6,"stat.craftItem.minecraft.iron_leggings":1,"stat.mineBlock.minecraft.dirt":118,"stat.craftItem.nocubessrparmory.pestilentarmorboots":1,"stat.useItem.minecraft.torch":123,"stat.useItem.minecraft.bread":24,"stat.useItem.spartanweaponry.javelin_iron":55,"stat.mineBlock.iceandfire.silver_ore":2,"stat.drop.minecraft.porkchop":20,"stat.pickup.minecraft.crafting_table":7,"stat.useItem.minecraft.cobblestone":223,"stat.mineBlock.techguns.basicore":19,"stat.craftItem.minecraft.crafting_table":7,"stat.mineBlock.nocubessrpnests.neststonelight":1,"stat.craftItem.minecraft.boat":1,"stat.pickup.minecraft.iron_hoe":2,"stat.pickup.minecraft.log":31,"stat.craftItem.zawa.large_meat_cooked":1,"stat.craftItem.minecraft.gold_ingot":25,"stat.mineBlock.zawa.brain_coral":1,"stat.pickup.minecraft.wooden_door":1,"stat.pickup.minecraft.apple":14,"stat.mineBlock.iceandfire.goldpile":22,"stat.craftItem.minecraft.planks":68,"stat.useItem.minecraft.iron_sword":33,"stat.itemEnchanted":4,"stat.drop.techguns.revolver":1,"stat.pickup.minecraft.book":2,"stat.mineBlock.minecraft.log":27,"stat.mineBlock.minecraft.waterlily":1,"stat.pickup.minecraft.iron_door":2,"stat.drop.minecraft.leather_leggings":1,"stat.pickup.minecraft.red_flower":2,"stat.sneakTime":25895,"stat.pickup.minecraft.wool":5,"stat.useItem.minecraft.baked_potato":20,"stat.useItem.minecraft.wooden_axe":9,"stat.pickup.minecraft.stone_slab":72,"stat.pickup.minecraft.yellow_flower":3,"stat.craftItem.nocubessrparmory.pestilentarmorbody":1,"stat.pickup.minecraft.chest":4,"stat.useItem.minecraft.web":4,"stat.craftItem.minecraft.diamond_chestplate":1,"stat.cakeSlicesEaten":10,"stat.pickup.zawa.amazon_sword":1,"stat.pickup.minecraft.bone":37,"stat.craftItem.nocubessrparmory.pestilentarmorhelmet":1,"stat.craftItem.minecraft.jungle_boat":1,"stat.craftItem.minecraft.diamond_leggings":1,"stat.useItem.minecraft.iron_axe":27,"stat.pickup.nocubessrpnests.neststonedarkwall":1,"stat.mineBlock.minecraft.cobblestone":70,"stat.pickup.minecraft.flint":2,"stat.useItem.techguns.basicore":4,"stat.pickup.minecraft.leather_chestplate":4,"stat.mineBlock.srparasites.gore":66,"stat.useItem.minecraft.diamond_sword":1040,"stat.craftItem.minecraft.wool":2,"stat.swimOneCm":76879,"stat.climbOneCm":16706,"stat.pickup.minecraft.cooked_porkchop":22,"stat.killEntity.techguns.ZombieSoldier":11,"stat.useItem.minecraft.dirt":23,"stat.useItem.minecraft.cookie":3,"stat.useItem.minecraft.stone_slab2":78,"stat.pickup.minecraft.bow":1,"stat.pickup.minecraft.iron_boots":3,"stat.useItem.minecraft.jungle_boat":1,"stat.craftItem.minecraft.furnace":5,"stat.craftItem.spartanshields.shield_basic_iron":1,"stat.craftItem.minecraft.iron_boots":3,"stat.pickup.minecraft.pumpkin_pie":29,"stat.pickup.minecraft.anvil":1,"stat.useItem.minecraft.iron_ore":1,"stat.pickup.minecraft.coal_ore":17,"stat.craftItem.minecraft.stone_pickaxe":1,"stat.pickup.minecraft.cobblestone":1311,"stat.mineBlock.biomesoplenty.double_plant":1,"stat.mineBlock.chisel.limestone2":4,"stat.pickup.minecraft.diamond_leggings":1,"stat.flyOneCm":871903,"stat.useItem.minecraft.cooked_beef":2,"stat.pickup.minecraft.redstone":13,"stat.mineBlock.minecraft.iron_ore":90,"stat.timeSinceDeath":27890,"stat.killEntity.techguns.SkeletonSoldier":15,"stat.drop.minecraft.coal":13,"stat.pickup.travelersbackpack.travelers_backpack":1,"stat.pickup.minecraft.stonebrick":8,"stat.useItem.minecraft.cooked_porkchop":48,"stat.mineBlock.minecraft.coal_ore":53,"stat.killEntity.Creeper":2,"stat.pickup.minecraft.shield":1,"stat.talkedToVillager":1,"stat.pickup.minecraft.string":20,"stat.craftItem.minecraft.stone_slab2":0,"stat.pickup.zawa.blubber":3,"stat.sprintOneCm":942419,"stat.mineBlock.minecraft.stone_slab":48,"stat.craftItem.minecraft.stick":64,"stat.craftItem.minecraft.wooden_axe":1,"stat.pickup.minecraft.bone_block":2,"stat.useItem.minecraft.stone_slab":780,"stat.mineBlock.minecraft.diamond_ore":34,"stat.pickup.techguns.t1_miner_leggings":2,"stat.pickup.nocubessrpnests.organicsample":22,"stat.mineBlock.minecraft.crafting_table":9,"stat.mineBlock.minecraft.quartz_block":11,"stat.useItem.minecraft.carrot":40,"stat.useItem.minecraft.wheat":88,"stat.useItem.minecraft.wooden_shovel":32,"stat.pickup.minecraft.leather_leggings":2,"stat.craftItem.natura.materials":4,"stat.craftItem.spartanweaponry.javelin_iron":1,"stat.mineBlock.minecraft.planks":9,"stat.drop":14,"stat.useItem.minecraft.wooden_sword":14,"stat.useItem.minecraft.diamond_ore":8,"stat.craftItem.zawa.cetacean_meat_cooked":1,"stat.killEntity.Zombie":28,"stat.craftItem.minecraft.dye":2,"stat.mineBlock.minecraft.gold_ore":10,"stat.diveOneCm":142863,"stat.pickup.minecraft.wheat":50,"stat.mineBlock.minecraft.mossy_cobblestone":1,"stat.pickup.minecraft.gravel":24,"stat.craftItem.minecraft.cooked_porkchop":48,"stat.useItem.minecraft.diamond_axe":27,"stat.mineBlock.minecraft.anvil":1,"stat.mineBlock.zawa.amazon_sword":1,"stat.useItem.minecraft.potion":3,"stat.pickup.minecraft.stone_brick_stairs":6,"stat.craftItem.minecraft.diamond_sword":1,"stat.craftItem.travelersbackpack.backpack_tank":2,"stat.jump":3589,"stat.useItem.minecraft.sand":89,"stat.pickup.minecraft.fence":8,"stat.pickup.minecraft.coal":62,"stat.pickup.minecraft.iron_ingot":18,"stat.pickup.minecraft.gunpowder":21,"stat.craftItem.minecraft.bread":4,"stat.pickup.minecraft.spider_eye":3,"stat.craftItem.minecraft.torch":84,"stat.pickup.minecraft.dirt":155,"stat.craftItem.minecraft.iron_helmet":2,"stat.useItem.minecraft.coal_ore":1,"stat.pickup.minecraft.diamond_ore":9,"stat.useItem.minecraft.cooked_chicken":5,"stat.pickup.minecraft.iron_ore":111,"stat.pickup.minecraft.stone_shovel":1,"stat.boatOneCm":252671,"stat.pickup.minecraft.gold_ore":12,"stat.mineBlock.minecraft.iron_bars":16,"stat.mineBlock.minecraft.lapis_ore":7,"stat.mineBlock.minecraft.glass_pane":4,"stat.damageTaken":9206,"stat.pickup.minecraft.leather":28,"stat.mineBlock.minecraft.torch":40,"stat.mineBlock.minecraft.furnace":7,"stat.mineBlock.minecraft.red_flower":3,"stat.mineBlock.minecraft.melon_block":2,"stat.killEntity.tconstruct.blueslime":15,"stat.useItem.minecraft.wooden_pickaxe":27,"stat.mineBlock.nocubessrpnests.neststonespikes":1,"stat.pickup.srparasites.assimilated_flesh":24,"stat.killEntity.CaveSpider":1,"stat.pickup.minecraft.potato":6,"stat.damageDealt":47492,"stat.craftItem.minecraft.glass":15,"stat.sleepInBed":1,"stat.craftItem.minecraft.baked_potato":20,"stat.craftItem.minecraft.stone_slab":700,"stat.pickup.minecraft.boat":1,"stat.pickup.techguns.itemshared":66,"stat.walkOneCm":744460,"stat.useItem.minecraft.chest":1,"stat.pickup.minecraft.stick":7,"stat.pickup.techguns.t1_miner_boots":2,"stat.useItem.minecraft.gold_ore":1,"stat.mineBlock.chisel.basalt2":10,"stat.useItem.minecraft.melon":12,"stat.pickup.techguns.t1_combat_boots":2,"stat.drop.minecraft.leather_chestplate":1,"stat.pickup.minecraft.stone":359,"stat.craftItem.minecraft.iron_chestplate":1,"stat.mineBlock.minecraft.wool":5,"stat.useItem.zawa.large_meat_cooked":1,"stat.killEntity.Skeleton":27,"stat.craftItem.travelersbackpack.sleeping_bag_bottom":1,"stat.pickup.biomesoplenty.gem":4,"stat.mineBlock.minecraft.stonebrick":14,"stat.mineBlock.srparasites.infestremain":11,"stat.killEntity.Spider":13,"stat.pickup.minecraft.bread":14,"stat.craftItem.nocubessrparmory.pestilentpart":26,"stat.pickup.techguns.pistol":1,"stat.mobKills":261,"stat.useItem.minecraft.golden_apple":2,"stat.useItem.minecraft.boat":1,"stat.pickup.minecraft.diamond":25,"stat.mineBlock.minecraft.leaves":1,"stat.pickup.minecraft.torch":61,"stat.mineBlock.minecraft.redstone_ore":7,"stat.mineBlock.minecraft.bone_block":5,"stat.mineBlock.minecraft.stone":1553}