{
  "loottweaker:dump_info": {
    "id": "lt:guntable"
  },
  "pools": [
    {
      "name": "gunloot",
      "entries": [
        {
          "entryName": "loottweaker#1",
          "weight": 70,
          "quality": 0,
          "type": "item",
          "functions": [
            {
              "count": {
                "min": 1.0,
                "max": 16.0
              },
              "function": "minecraft:set_count"
            }
          ],
          "name": "cgm:shell"
        },
        {
          "entryName": "loottweaker#17",
          "weight": 10,
          "quality": 0,
          "type": "item",
          "functions": [
            {
              "count": 1.0,
              "function": "minecraft:set_count"
            }
          ],
          "name": "cgm:shotgun"
        },
        {
          "entryName": "loottweaker#18",
          "weight": 10,
          "quality": 0,
          "type": "item",
          "functions": [
            {
              "count": 1.0,
              "function": "minecraft:set_count"
            }
          ],
          "name": "cgm:handgun"
        },
        {
          "entryName": "loottweaker#5",
          "weight": 40,
          "quality": 0,
          "type": "item",
          "functions": [
            {
              "count": 1.0,
              "function": "minecraft:set_count"
            },
            {
              "data": 2.0,
              "function": "minecraft:set_data"
            }
          ],
          "name": "cgm:scope"
        },
        {
          "entryName": "loottweaker#13",
          "weight": 10,
          "quality": 0,
          "type": "item",
          "functions": [
            {
              "count": 1.0,
              "function": "minecraft:set_count"
            }
          ],
          "name": "cgm:chain_gun"
        },
        {
          "entryName": "loottweaker#4",
          "weight": 40,
          "quality": 0,
          "type": "item",
          "functions": [
            {
              "count": 1.0,
              "function": "minecraft:set_count"
            }
          ],
          "name": "cgm:silencer"
        },
        {
          "entryName": "loottweaker#14",
          "weight": 10,
          "quality": 0,
          "type": "item",
          "functions": [
            {
              "count": 1.0,
              "function": "minecraft:set_count"
            }
          ],
          "name": "cgm:bazooka"
        },
        {
          "entryName": "loottweaker#3",
          "weight": 70,
          "quality": 0,
          "type": "item",
          "functions": [
            {
              "count": {
                "min": 1.0,
                "max": 16.0
              },
              "function": "minecraft:set_count"
            }
          ],
          "name": "cgm:basic_ammo"
        },
        {
          "entryName": "loottweaker#15",
          "weight": 10,
          "quality": 0,
          "type": "item",
          "functions": [
            {
              "count": 1.0,
              "function": "minecraft:set_count"
            }
          ],
          "name": "cgm:grenade_launcher"
        },
        {
          "entryName": "loottweaker#2",
          "weight": 70,
          "quality": 0,
          "type": "item",
          "functions": [
            {
              "count": {
                "min": 1.0,
                "max": 16.0
              },
              "function": "minecraft:set_count"
            }
          ],
          "name": "cgm:advanced_ammo"
        },
        {
          "entryName": "loottweaker#16",
          "weight": 10,
          "quality": 0,
          "type": "item",
          "functions": [
            {
              "count": 1.0,
              "function": "minecraft:set_count"
            }
          ],
          "name": "cgm:rifle"
        },
        {
          "entryName": "loottweaker#9",
          "weight": 40,
          "quality": 0,
          "type": "item",
          "functions": [
            {
              "count": 1.0,
              "function": "minecraft:set_count"
            }
          ],
          "name": "cgm:grenade"
        },
        {
          "entryName": "loottweaker#8",
          "weight": 40,
          "quality": 0,
          "type": "item",
          "functions": [
            {
              "count": 1.0,
              "function": "minecraft:set_count"
            }
          ],
          "name": "cgm:stun_grenade"
        },
        {
          "entryName": "loottweaker#10",
          "weight": 40,
          "quality": 0,
          "type": "item",
          "functions": [
            {
              "count": 1.0,
              "function": "minecraft:set_count"
            }
          ],
          "name": "cgm:missile"
        },
        {
          "entryName": "loottweaker#7",
          "weight": 40,
          "quality": 0,
          "type": "item",
          "functions": [
            {
              "count": 1.0,
              "function": "minecraft:set_count"
            }
          ],
          "name": "cgm:scope"
        },
        {
          "entryName": "loottweaker#11",
          "weight": 10,
          "quality": 0,
          "type": "item",
          "functions": [
            {
              "count": 1.0,
              "function": "minecraft:set_count"
            }
          ],
          "name": "cgm:machine_pistol"
        },
        {
          "entryName": "loottweaker#6",
          "weight": 40,
          "quality": 0,
          "type": "item",
          "functions": [
            {
              "count": 1.0,
              "function": "minecraft:set_count"
            },
            {
              "data": 1.0,
              "function": "minecraft:set_data"
            }
          ],
          "name": "cgm:scope"
        },
        {
          "entryName": "loottweaker#12",
          "weight": 10,
          "quality": 0,
          "type": "item",
          "functions": [
            {
              "count": 1.0,
              "function": "minecraft:set_count"
            }
          ],
          "name": "cgm:assault_rifle"
        }
      ],
      "rolls": {
        "min": 2.0,
        "max": 8.0
      }
    }
  ]
}