{
  "loottweaker:dump_info": {
    "id": "lt:immersivetable"
  },
  "pools": [
    {
      "name": "immersiveloot",
      "entries": [
        {
          "entryName": "loottweaker#1",
          "weight": 70,
          "quality": 0,
          "type": "item",
          "functions": [
            {
              "count": 1.0,
              "function": "minecraft:set_count"
            }
          ],
          "name": "immersiveengineering:material"
        },
        {
          "entryName": "loottweaker#17",
          "weight": 70,
          "quality": 0,
          "type": "item",
          "functions": [
            {
              "count": 1.0,
              "function": "minecraft:set_count"
            },
            {
              "data": 16.0,
              "function": "minecraft:set_data"
            }
          ],
          "name": "immersiveengineering:material"
        },
        {
          "entryName": "loottweaker#18",
          "weight": 50,
          "quality": 0,
          "type": "item",
          "functions": [
            {
              "count": 1.0,
              "function": "minecraft:set_count"
            },
            {
              "data": 20.0,
              "function": "minecraft:set_data"
            }
          ],
          "name": "immersiveengineering:material"
        },
        {
          "entryName": "loottweaker#19",
          "weight": 50,
          "quality": 0,
          "type": "item",
          "functions": [
            {
              "count": 1.0,
              "function": "minecraft:set_count"
            },
            {
              "data": 21.0,
              "function": "minecraft:set_data"
            }
          ],
          "name": "immersiveengineering:material"
        },
        {
          "entryName": "loottweaker#5",
          "weight": 70,
          "quality": 0,
          "type": "item",
          "functions": [
            {
              "count": 1.0,
              "function": "minecraft:set_count"
            },
            {
              "data": 4.0,
              "function": "minecraft:set_data"
            }
          ],
          "name": "immersiveengineering:material"
        },
        {
          "entryName": "loottweaker#13",
          "weight": 70,
          "quality": 0,
          "type": "item",
          "functions": [
            {
              "count": 1.0,
              "function": "minecraft:set_count"
            },
            {
              "data": 12.0,
              "function": "minecraft:set_data"
            }
          ],
          "name": "immersiveengineering:material"
        },
        {
          "entryName": "loottweaker#4",
          "weight": 70,
          "quality": 0,
          "type": "item",
          "functions": [
            {
              "count": 1.0,
              "function": "minecraft:set_count"
            },
            {
              "data": 3.0,
              "function": "minecraft:set_data"
            }
          ],
          "name": "immersiveengineering:material"
        },
        {
          "entryName": "loottweaker#14",
          "weight": 70,
          "quality": 0,
          "type": "item",
          "functions": [
            {
              "count": 1.0,
              "function": "minecraft:set_count"
            },
            {
              "data": 13.0,
              "function": "minecraft:set_data"
            }
          ],
          "name": "immersiveengineering:material"
        },
        {
          "entryName": "loottweaker#3",
          "weight": 70,
          "quality": 0,
          "type": "item",
          "functions": [
            {
              "count": 1.0,
              "function": "minecraft:set_count"
            },
            {
              "data": 2.0,
              "function": "minecraft:set_data"
            }
          ],
          "name": "immersiveengineering:material"
        },
        {
          "entryName": "loottweaker#15",
          "weight": 70,
          "quality": 0,
          "type": "item",
          "functions": [
            {
              "count": 1.0,
              "function": "minecraft:set_count"
            },
            {
              "data": 14.0,
              "function": "minecraft:set_data"
            }
          ],
          "name": "immersiveengineering:material"
        },
        {
          "entryName": "loottweaker#2",
          "weight": 70,
          "quality": 0,
          "type": "item",
          "functions": [
            {
              "count": 1.0,
              "function": "minecraft:set_count"
            },
            {
              "data": 1.0,
              "function": "minecraft:set_data"
            }
          ],
          "name": "immersiveengineering:material"
        },
        {
          "entryName": "loottweaker#16",
          "weight": 70,
          "quality": 0,
          "type": "item",
          "functions": [
            {
              "count": 1.0,
              "function": "minecraft:set_count"
            },
            {
              "data": 15.0,
              "function": "minecraft:set_data"
            }
          ],
          "name": "immersiveengineering:material"
        },
        {
          "entryName": "loottweaker#9",
          "weight": 70,
          "quality": 0,
          "type": "item",
          "functions": [
            {
              "count": 1.0,
              "function": "minecraft:set_count"
            },
            {
              "data": 8.0,
              "function": "minecraft:set_data"
            }
          ],
          "name": "immersiveengineering:material"
        },
        {
          "entryName": "loottweaker#20",
          "weight": 50,
          "quality": 0,
          "type": "item",
          "functions": [
            {
              "count": 1.0,
              "function": "minecraft:set_count"
            },
            {
              "data": 22.0,
              "function": "minecraft:set_data"
            }
          ],
          "name": "immersiveengineering:material"
        },
        {
          "entryName": "loottweaker#8",
          "weight": 70,
          "quality": 0,
          "type": "item",
          "functions": [
            {
              "count": 1.0,
              "function": "minecraft:set_count"
            },
            {
              "data": 7.0,
              "function": "minecraft:set_data"
            }
          ],
          "name": "immersiveengineering:material"
        },
        {
          "entryName": "loottweaker#10",
          "weight": 70,
          "quality": 0,
          "type": "item",
          "functions": [
            {
              "count": 1.0,
              "function": "minecraft:set_count"
            },
            {
              "data": 9.0,
              "function": "minecraft:set_data"
            }
          ],
          "name": "immersiveengineering:material"
        },
        {
          "entryName": "loottweaker#21",
          "weight": 50,
          "quality": 0,
          "type": "item",
          "functions": [
            {
              "count": 1.0,
              "function": "minecraft:set_count"
            },
            {
              "data": 23.0,
              "function": "minecraft:set_data"
            }
          ],
          "name": "immersiveengineering:material"
        },
        {
          "entryName": "loottweaker#7",
          "weight": 70,
          "quality": 0,
          "type": "item",
          "functions": [
            {
              "count": 1.0,
              "function": "minecraft:set_count"
            },
            {
              "data": 6.0,
              "function": "minecraft:set_data"
            }
          ],
          "name": "immersiveengineering:material"
        },
        {
          "entryName": "loottweaker#11",
          "weight": 70,
          "quality": 0,
          "type": "item",
          "functions": [
            {
              "count": 1.0,
              "function": "minecraft:set_count"
            },
            {
              "data": 10.0,
              "function": "minecraft:set_data"
            }
          ],
          "name": "immersiveengineering:material"
        },
        {
          "entryName": "loottweaker#22",
          "weight": 50,
          "quality": 0,
          "type": "item",
          "functions": [
            {
              "count": 1.0,
              "function": "minecraft:set_count"
            },
            {
              "data": 26.0,
              "function": "minecraft:set_data"
            }
          ],
          "name": "immersiveengineering:material"
        },
        {
          "entryName": "loottweaker#6",
          "weight": 70,
          "quality": 0,
          "type": "item",
          "functions": [
            {
              "count": 1.0,
              "function": "minecraft:set_count"
            },
            {
              "data": 5.0,
              "function": "minecraft:set_data"
            }
          ],
          "name": "immersiveengineering:material"
        },
        {
          "entryName": "loottweaker#12",
          "weight": 70,
          "quality": 0,
          "type": "item",
          "functions": [
            {
              "count": 1.0,
              "function": "minecraft:set_count"
            },
            {
              "data": 11.0,
              "function": "minecraft:set_data"
            }
          ],
          "name": "immersiveengineering:material"
        },
        {
          "entryName": "loottweaker#23",
          "weight": 50,
          "quality": 0,
          "type": "item",
          "functions": [
            {
              "count": 1.0,
              "function": "minecraft:set_count"
            },
            {
              "data": 27.0,
              "function": "minecraft:set_data"
            }
          ],
          "name": "immersiveengineering:material"
        }
      ],
      "rolls": {
        "min": 2.0,
        "max": 8.0
      }
    }
  ]
}