{
  "loottweaker:dump_info": {
    "id": "lt:ingottable"
  },
  "pools": [
    {
      "name": "ingotloot",
      "entries": [
        {
          "entryName": "loottweaker#1",
          "weight": 90,
          "quality": 0,
          "type": "item",
          "functions": [
            {
              "count": 1.0,
              "function": "minecraft:set_count"
            }
          ],
          "name": "additions:srpcustom-pest_gold"
        },
        {
          "entryName": "loottweaker#17",
          "weight": 40,
          "quality": 0,
          "type": "item",
          "functions": [
            {
              "count": 1.0,
              "function": "minecraft:set_count"
            },
            {
              "data": 8.0,
              "function": "minecraft:set_data"
            }
          ],
          "name": "immersiveengineering:metal"
        },
        {
          "entryName": "loottweaker#18",
          "weight": 40,
          "quality": 0,
          "type": "item",
          "functions": [
            {
              "count": 1.0,
              "function": "minecraft:set_count"
            },
            {
              "data": 1.0,
              "function": "minecraft:set_data"
            }
          ],
          "name": "mekanism:ingot"
        },
        {
          "entryName": "loottweaker#5",
          "weight": 90,
          "quality": 0,
          "type": "item",
          "functions": [
            {
              "count": 1.0,
              "function": "minecraft:set_count"
            }
          ],
          "name": "additions:srpcustom-pest_lplz"
        },
        {
          "entryName": "loottweaker#13",
          "weight": 60,
          "quality": 0,
          "type": "item",
          "functions": [
            {
              "count": 1.0,
              "function": "minecraft:set_count"
            },
            {
              "data": 4.0,
              "function": "minecraft:set_data"
            }
          ],
          "name": "immersiveengineering:metal"
        },
        {
          "entryName": "loottweaker#4",
          "weight": 90,
          "quality": 0,
          "type": "item",
          "functions": [
            {
              "count": 1.0,
              "function": "minecraft:set_count"
            }
          ],
          "name": "additions:srpcustom-pest_redstone"
        },
        {
          "entryName": "loottweaker#14",
          "weight": 60,
          "quality": 0,
          "type": "item",
          "functions": [
            {
              "count": 1.0,
              "function": "minecraft:set_count"
            },
            {
              "data": 7.0,
              "function": "minecraft:set_data"
            }
          ],
          "name": "immersiveengineering:metal"
        },
        {
          "entryName": "loottweaker#3",
          "weight": 90,
          "quality": 0,
          "type": "item",
          "functions": [
            {
              "count": 1.0,
              "function": "minecraft:set_count"
            }
          ],
          "name": "additions:srpcustom-pest_coal"
        },
        {
          "entryName": "loottweaker#15",
          "weight": 40,
          "quality": 0,
          "type": "item",
          "functions": [
            {
              "count": 1.0,
              "function": "minecraft:set_count"
            }
          ],
          "name": "additions:srpcustom-pest_diamond"
        },
        {
          "entryName": "loottweaker#2",
          "weight": 90,
          "quality": 0,
          "type": "item",
          "functions": [
            {
              "count": 1.0,
              "function": "minecraft:set_count"
            }
          ],
          "name": "additions:srpcustom-pest_iron"
        },
        {
          "entryName": "loottweaker#16",
          "weight": 40,
          "quality": 0,
          "type": "item",
          "functions": [
            {
              "count": 1.0,
              "function": "minecraft:set_count"
            }
          ],
          "name": "additions:srpcustom-pest_emerald"
        },
        {
          "entryName": "loottweaker#9",
          "weight": 90,
          "quality": 0,
          "type": "item",
          "functions": [
            {
              "count": 1.0,
              "function": "minecraft:set_count"
            },
            {
              "data": 6.0,
              "function": "minecraft:set_data"
            }
          ],
          "name": "mekanism:ingot"
        },
        {
          "entryName": "loottweaker#8",
          "weight": 90,
          "quality": 0,
          "type": "item",
          "functions": [
            {
              "count": 1.0,
              "function": "minecraft:set_count"
            }
          ],
          "name": "immersiveengineering:metal"
        },
        {
          "entryName": "loottweaker#10",
          "weight": 60,
          "quality": 0,
          "type": "item",
          "functions": [
            {
              "count": 1.0,
              "function": "minecraft:set_count"
            },
            {
              "data": 1.0,
              "function": "minecraft:set_data"
            }
          ],
          "name": "immersiveengineering:metal"
        },
        {
          "entryName": "loottweaker#7",
          "weight": 90,
          "quality": 0,
          "type": "item",
          "functions": [
            {
              "count": 1.0,
              "function": "minecraft:set_count"
            }
          ],
          "name": "minecraft:gold_ingot"
        },
        {
          "entryName": "loottweaker#11",
          "weight": 60,
          "quality": 0,
          "type": "item",
          "functions": [
            {
              "count": 1.0,
              "function": "minecraft:set_count"
            },
            {
              "data": 3.0,
              "function": "minecraft:set_data"
            }
          ],
          "name": "immersiveengineering:metal"
        },
        {
          "entryName": "loottweaker#6",
          "weight": 90,
          "quality": 0,
          "type": "item",
          "functions": [
            {
              "count": 1.0,
              "function": "minecraft:set_count"
            }
          ],
          "name": "minecraft:iron_ingot"
        },
        {
          "entryName": "loottweaker#12",
          "weight": 60,
          "quality": 0,
          "type": "item",
          "functions": [
            {
              "count": 1.0,
              "function": "minecraft:set_count"
            },
            {
              "data": 2.0,
              "function": "minecraft:set_data"
            }
          ],
          "name": "immersiveengineering:metal"
        }
      ],
      "rolls": {
        "min": 2.0,
        "max": 8.0
      }
    }
  ]
}